{"cameraMode":{"drawMode":0,"name":"Shaded","section":"Shading Mode"},"sceneLighting":true,"audioPlay":false,"sceneViewState":{"showFog":true,"showMaterialUpdate":false,"showSkybox":true,"showFlares":true,"showImageEffects":true,"showParticleSystems":true},"in2DMode":false,"pivot":{"x":9.964529037475586,"y":3.3887460231781008,"z":14.138614654541016},"rotation":{"x":0.02968664839863777,"y":0.33379340171813967,"z":-0.010517914779484272,"w":0.9421207308769226},"size":25.930919647216798,"orthographic":false}